<?xml version="1.0" encoding="utf-8"?><Faktura xmlns:xsi="http://www.w3.org/2001/XMLSchema-instance" xmlns:xsd="http://www.w3.org/2001/XMLSchema" xmlns="http://crd.gov.pl/wzor/2025/06/25/13775/"><Naglowek><KodFormularza kodSystemowy="FA (3)" wersjaSchemy="1-0E">FA</KodFormularza><WariantFormularza>3</WariantFormularza><DataWytworzeniaFa>2025-12-04T11:37:26.7789032Z</DataWytworzeniaFa><SystemInfo>Aplikacja Podatnika KSeF</SystemInfo></Naglowek><Podmiot1><DaneIdentyfikacyjne><NIP>5562755143</NIP><Nazwa>Comsner sp. z o. o.</Nazwa></DaneIdentyfikacyjne><Adres><KodKraju>PL</KodKraju><AdresL1>Adama Mickiewicza 33, 60-837 Poznań</AdresL1></Adres></Podmiot1><Podmiot2><DaneIdentyfikacyjne><NIP>7811882150</NIP><Nazwa>INTUITI SP. Z O.O.</Nazwa></DaneIdentyfikacyjne><Adres><KodKraju>PL</KodKraju><AdresL1>Adama Mickiewicza 33, 60-837 Poznań</AdresL1></Adres><JST>2</JST><GV>2</GV></Podmiot2><Fa><KodWaluty>PLN</KodWaluty><P_1>2025-12-04</P_1><P_1M>Poznań</P_1M><P_2>2025/12/02/fs</P_2><P_6>2025-12-04</P_6><P_13_1>1261</P_13_1><P_14_1>283.05</P_14_1><P_13_2>601</P_13_2><P_14_2>44.72</P_14_2><P_13_3>220</P_13_3><P_14_3>11</P_14_3><P_13_4>1550</P_13_4><P_14_4>51.5</P_14_4><P_13_6_1>600</P_13_6_1><P_13_7>857</P_13_7><P_15>5479.27</P_15><Adnotacje><P_16>2</P_16><P_17>2</P_17><P_18>2</P_18><P_18A>2</P_18A><Zwolnienie><P_19N>1</P_19N></Zwolnienie><NoweSrodkiTransportu><P_22N>1</P_22N></NoweSrodkiTransportu><P_23>2</P_23><PMarzy><P_PMarzyN>1</P_PMarzyN></PMarzy></Adnotacje><RodzajFaktury>VAT</RodzajFaktury><TP>1</TP><FaWiersz><NrWierszaFa>1</NrWierszaFa><P_7>Lodówka</P_7><P_8A>szt.</P_8A><P_8B>1</P_8B><P_9A>563</P_9A><P_11>563</P_11><P_12>23</P_12></FaWiersz><FaWiersz><NrWierszaFa>2</NrWierszaFa><P_7>Laptop</P_7><P_8A>szt.</P_8A><P_8B>1</P_8B><P_9A>698</P_9A><P_11>698</P_11><P_12>22</P_12></FaWiersz><FaWiersz><NrWierszaFa>3</NrWierszaFa><P_7>Kanapa</P_7><P_8A>szt.</P_8A><P_8B>1</P_8B><P_9A>265</P_9A><P_11>265</P_11><P_12>8</P_12></FaWiersz><FaWiersz><NrWierszaFa>4</NrWierszaFa><P_7>Biurko</P_7><P_8A>szt.</P_8A><P_8B>1</P_8B><P_9A>336</P_9A><P_11>336</P_11><P_12>7</P_12></FaWiersz><FaWiersz><NrWierszaFa>5</NrWierszaFa><P_7>Materac</P_7><P_8A>szt.</P_8A><P_8B>1</P_8B><P_9A>220</P_9A><P_11>220</P_11><P_12>5</P_12></FaWiersz><FaWiersz><NrWierszaFa>6</NrWierszaFa><P_7>Stół</P_7><P_8A>szt.</P_8A><P_8B>1</P_8B><P_9A>500</P_9A><P_11>500</P_11><P_12>4</P_12></FaWiersz><FaWiersz><NrWierszaFa>7</NrWierszaFa><P_7>Meble kuchenne</P_7><P_8A>szt.</P_8A><P_8B>1</P_8B><P_9A>1050</P_9A><P_11>1050</P_11><P_12>3</P_12></FaWiersz><FaWiersz><NrWierszaFa>8</NrWierszaFa><P_7>Pralka</P_7><P_8A>szt.</P_8A><P_8B>1</P_8B><P_9A>600</P_9A><P_11>600</P_11><P_12>0 KR</P_12></FaWiersz><FaWiersz><NrWierszaFa>9</NrWierszaFa><P_7>Suszarka</P_7><P_8A>szt.</P_8A><P_8B>1</P_8B><P_9A>857</P_9A><P_11>857</P_11><P_12>zw</P_12></FaWiersz></Fa></Faktura>