<?xml version="1.0" encoding="utf-8"?><Faktura xmlns:xsi="http://www.w3.org/2001/XMLSchema-instance" xmlns:xsd="http://www.w3.org/2001/XMLSchema" xmlns="http://crd.gov.pl/wzor/2025/06/25/13775/"><Naglowek><KodFormularza kodSystemowy="FA (3)" wersjaSchemy="1-0E">FA</KodFormularza><WariantFormularza>3</WariantFormularza><DataWytworzeniaFa>2025-12-04T11:18:16.4109929Z</DataWytworzeniaFa><SystemInfo>Aplikacja Podatnika KSeF</SystemInfo></Naglowek><Podmiot1><DaneIdentyfikacyjne><NIP>7812025778</NIP><Nazwa>300spolka.pl spółka z ograniczoną odpowiedzialnością,</Nazwa></DaneIdentyfikacyjne><Adres><KodKraju>PL</KodKraju><AdresL1>60-837 Poznań, Adama Mickiewicza 33</AdresL1></Adres></Podmiot1><Podmiot2><DaneIdentyfikacyjne><NIP>7811882150</NIP><Nazwa>INTUITI SP. Z O.O.</Nazwa></DaneIdentyfikacyjne><Adres><KodKraju>PL</KodKraju><AdresL1>Adama Mickiewicza 33,
60-837 Poznań</AdresL1></Adres><JST>2</JST><GV>2</GV></Podmiot2><Fa><KodWaluty>PLN</KodWaluty><P_1>2025-12-04</P_1><P_1M>Poznań</P_1M><P_2>002/12/2025/FS</P_2><P_6>2025-12-04</P_6><P_13_1>830</P_13_1><P_14_1>185.08</P_14_1><P_13_2>1437</P_13_2><P_14_2>107.44</P_14_2><P_13_3>900</P_13_3><P_14_3>45</P_14_3><P_13_4>436</P_13_4><P_14_4>13.08</P_14_4><P_13_6_1>1150</P_13_6_1><P_13_7>139</P_13_7><P_15>5242.6</P_15><Adnotacje><P_16>2</P_16><P_17>2</P_17><P_18>2</P_18><P_18A>2</P_18A><Zwolnienie><P_19N>1</P_19N></Zwolnienie><NoweSrodkiTransportu><P_22N>1</P_22N></NoweSrodkiTransportu><P_23>2</P_23><PMarzy><P_PMarzyN>1</P_PMarzyN></PMarzy></Adnotacje><RodzajFaktury>VAT</RodzajFaktury><TP>1</TP><FaWiersz><NrWierszaFa>1</NrWierszaFa><P_7>Usługi reklamy</P_7><P_8A>szt</P_8A><P_8B>1</P_8B><P_9A>248</P_9A><P_11>248</P_11><P_12>23</P_12></FaWiersz><FaWiersz><NrWierszaFa>2</NrWierszaFa><P_7>Ułsugi księgowe</P_7><P_8A>szt.</P_8A><P_8B>1</P_8B><P_9A>582</P_9A><P_11>582</P_11><P_12>22</P_12></FaWiersz><FaWiersz><NrWierszaFa>3</NrWierszaFa><P_7>Mikrofala</P_7><P_8A>szt.</P_8A><P_8B>1</P_8B><P_9A>685</P_9A><P_11>685</P_11><P_12>8</P_12></FaWiersz><FaWiersz><NrWierszaFa>4</NrWierszaFa><P_7>TAXI</P_7><P_8A>szt.</P_8A><P_8B>1</P_8B><P_9A>752</P_9A><P_11>752</P_11><P_12>7</P_12></FaWiersz><FaWiersz><NrWierszaFa>5</NrWierszaFa><P_7>Portfel</P_7><P_8A>szt.</P_8A><P_8B>1</P_8B><P_9A>900</P_9A><P_11>900</P_11><P_12>5</P_12></FaWiersz><FaWiersz><NrWierszaFa>6</NrWierszaFa><P_7>Słuchwaki</P_7><P_8A>szt.</P_8A><P_8B>1</P_8B><P_9A>436</P_9A><P_11>436</P_11><P_12>3</P_12></FaWiersz><FaWiersz><NrWierszaFa>7</NrWierszaFa><P_7>Strona www</P_7><P_8A>szt.</P_8A><P_8B>1</P_8B><P_9A>1150</P_9A><P_11>1150</P_11><P_12>0 KR</P_12></FaWiersz><FaWiersz><NrWierszaFa>8</NrWierszaFa><P_7>Edukacja</P_7><P_8A>szt.</P_8A><P_8B>1</P_8B><P_9A>139</P_9A><P_11>139</P_11><P_12>zw</P_12></FaWiersz></Fa></Faktura>