{"invoices":[{"issueDate":"2025-12-04","permanentStorageDate":"2025-12-04T11:37:27.254099+00:00","invoicingDate":"2025-12-04T11:37:26.855+00:00","acquisitionDate":"2025-12-04T11:37:27.041+00:00","ksefNumber":"5562755143-20251204-01002020D14F-C1","invoiceNumber":"2025/12/02/fs","seller":{"nip":"5562755143","name":"Comsner sp. z o. o."},"buyer":{"identifier":{"type":"Nip","value":"7811882150"},"name":"INTUITI SP. Z O.O."},"netAmount":5089,"grossAmount":5479.27,"vatAmount":390.27,"currency":"PLN","invoicingMode":"Online","invoiceType":"Vat","formCode":{"systemCode":"FA (3)","schemaVersion":"1-0E","value":"FA"},"isSelfInvoicing":false,"hasAttachment":false,"invoiceHash":"acpqVRGgWCu8/VR02o2ZO6jepQBpKl0fHP4QFfqlc/8=","thirdSubjects":[]},{"issueDate":"2025-12-04","permanentStorageDate":"2025-12-04T10:42:26.23676+00:00","invoicingDate":"2025-12-04T10:42:29.987+00:00","acquisitionDate":"2025-12-04T10:42:30.171+00:00","ksefNumber":"5562755143-20251204-010060538749-29","invoiceNumber":"2025/12/01/fs","seller":{"nip":"5562755143","name":"Comsner sp. z o.o."},"buyer":{"identifier":{"type":"Nip","value":"7811882150"},"name":"INTUITI SP. Z O.O."},"netAmount":900,"grossAmount":972,"vatAmount":72,"currency":"PLN","invoicingMode":"Online","invoiceType":"Vat","formCode":{"systemCode":"FA (3)","schemaVersion":"1-0E","value":"FA"},"isSelfInvoicing":false,"hasAttachment":false,"invoiceHash":"wiCT2knQU7BqW/5gvxolMBFv3ICIzR9ZFmyjB+mSI2U=","thirdSubjects":[]},{"issueDate":"2025-12-04","permanentStorageDate":"2025-12-04T10:32:00.169045+00:00","invoicingDate":"2025-12-04T10:31:59.829+00:00","acquisitionDate":"2025-12-04T10:32:00.008+00:00","ksefNumber":"7812025778-20251204-010000A15348-BA","invoiceNumber":"001/12/2025/FS","seller":{"nip":"7812025778","name":"300spolka.pl spółka z ograniczoną odpowiedzialnością"},"buyer":{"identifier":{"type":"Nip","value":"7811882150"},"name":"INTUITI SP. Z O.O."},"netAmount":900,"grossAmount":972,"vatAmount":72,"currency":"PLN","invoicingMode":"Online","invoiceType":"Vat","formCode":{"systemCode":"FA (3)","schemaVersion":"1-0E","value":"FA"},"isSelfInvoicing":false,"hasAttachment":false,"invoiceHash":"JbrSNPYujxiLl+eI+cAnv5F7Z53H0ewTW9GqZNQFWoc=","thirdSubjects":[]},{"issueDate":"2025-12-04","permanentStorageDate":"2025-12-04T11:18:16.730212+00:00","invoicingDate":"2025-12-04T11:18:16.483+00:00","acquisitionDate":"2025-12-04T11:18:16.617+00:00","ksefNumber":"7812025778-20251204-010020659F4D-23","invoiceNumber":"002/12/2025/FS","seller":{"nip":"7812025778","name":"300spolka.pl spółka z ograniczoną odpowiedzialnością,"},"buyer":{"identifier":{"type":"Nip","value":"7811882150"},"name":"INTUITI SP. Z O.O."},"netAmount":4892,"grossAmount":5242.6,"vatAmount":350.6,"currency":"PLN","invoicingMode":"Online","invoiceType":"Vat","formCode":{"systemCode":"FA (3)","schemaVersion":"1-0E","value":"FA"},"isSelfInvoicing":false,"hasAttachment":false,"invoiceHash":"veW8JMsEj12GyBK7wJlPcXO9rK1kx1KkJ+R331z60Gk=","thirdSubjects":[]},{"issueDate":"2025-12-04","permanentStorageDate":"2025-12-04T10:58:30.600197+00:00","invoicingDate":"2025-12-04T10:58:30.216+00:00","acquisitionDate":"2025-12-04T10:58:30.349+00:00","ksefNumber":"7831741613-20251204-0100A0295C4B-AC","invoiceNumber":"1254/100/FA","seller":{"nip":"7831741613","name":"INTUITI STUDIO SPÓŁKA Z OGRANICZONĄ ODPOWIEDZIALNOŚCIĄ"},"buyer":{"identifier":{"type":"Nip","value":"7811882150"},"name":"INTUITI SP. Z O.O."},"netAmount":900,"grossAmount":972,"vatAmount":72,"currency":"PLN","invoicingMode":"Online","invoiceType":"Vat","formCode":{"systemCode":"FA (3)","schemaVersion":"1-0E","value":"FA"},"isSelfInvoicing":false,"hasAttachment":false,"invoiceHash":"Qj5vTbt+urzLllIUHXM7bNjtghBdBSfhT3FIDzj2aso=","thirdSubjects":[]},{"issueDate":"2025-12-04","permanentStorageDate":"2025-12-04T11:03:52.075503+00:00","invoicingDate":"2025-12-04T11:03:51.536+00:00","acquisitionDate":"2025-12-04T11:03:51.877+00:00","ksefNumber":"9721288467-20251204-0100A028F94B-5C","invoiceNumber":"258/12/2025/1","seller":{"nip":"9721288467","name":"INTUITI SOLUTIONS SPÓŁKA Z OGRANICZONĄ ODPOWIEDZIALNOŚCIĄ"},"buyer":{"identifier":{"type":"Nip","value":"7811882150"},"name":"INTUITI SP. Z O.O."},"netAmount":900,"grossAmount":972,"vatAmount":72,"currency":"PLN","invoicingMode":"Online","invoiceType":"Vat","formCode":{"systemCode":"FA (3)","schemaVersion":"1-0E","value":"FA"},"isSelfInvoicing":false,"hasAttachment":false,"invoiceHash":"WqShp1VS1SypdndRVWUmzYSkIQ4k8R2F6cK1ORWG3Bw=","thirdSubjects":[]}]}