{"invoices":[{"issueDate":"2025-12-02","permanentStorageDate":"2025-12-02T08:31:58.039446+00:00","invoicingDate":"2025-12-02T08:31:57.716+00:00","acquisitionDate":"2025-12-02T08:31:57.872+00:00","ksefNumber":"7811882150-20251202-010000F6963A-85","invoiceNumber":"FS/001/12/2025","seller":{"nip":"7811882150","name":"INTUITI SP. Z O.O."},"buyer":{"identifier":{"type":"Nip","value":"7812025778"},"name":"300SPOLKA.PL SPÓŁKA Z OGRANICZONĄ ODPOWIEDZIALNOŚCIĄ"},"netAmount":900,"grossAmount":972,"vatAmount":72,"currency":"PLN","invoicingMode":"Online","invoiceType":"Vat","formCode":{"systemCode":"FA (3)","schemaVersion":"1-0E","value":"FA"},"isSelfInvoicing":false,"hasAttachment":false,"invoiceHash":"3taUOiM6oKTFxct6PHlYo5t/EYxX7hthklolD/LgpP4=","thirdSubjects":[]},{"issueDate":"2025-12-02","permanentStorageDate":"2025-12-02T08:36:39.269572+00:00","invoicingDate":"2025-12-02T08:36:38.908+00:00","acquisitionDate":"2025-12-02T08:36:39.048+00:00","ksefNumber":"7811882150-20251202-02000041203B-F2","invoiceNumber":"FS/002/12/2025","seller":{"nip":"7811882150","name":"INTUITI SP. Z O.O."},"buyer":{"identifier":{"type":"Nip","value":"7812025778"},"name":"300SPOLKA.PL SPÓŁKA Z OGRANICZONĄ ODPOWIEDZIALNOŚCIĄ"},"netAmount":900,"grossAmount":972,"vatAmount":72,"currency":"PLN","invoicingMode":"Online","invoiceType":"Vat","formCode":{"systemCode":"FA (3)","schemaVersion":"1-0E","value":"FA"},"isSelfInvoicing":false,"hasAttachment":false,"invoiceHash":"NoS6L1wG7XDqi4JpS89JbwlVjQ3JjOS5aiMwTb+fttw=","thirdSubjects":[]}]}